<?xml version="1.0" encoding="UTF-8"?>
<beans xmlns="http://www.springframework.org/schema/beans"
       xmlns:xsi="http://www.w3.org/2001/XMLSchema-instance"
       xmlns:aop="http://www.springframework.org/schema/aop"
       xmlns:tx="http://www.springframework.org/schema/tx"
       xmlns:context="http://www.springframework.org/schema/context"
       xmlns:task="http://www.springframework.org/schema/task" 
       xsi:schemaLocation="
       http://www.springframework.org/schema/beans   http://www.springframework.org/schema/beans/spring-beans-3.1.xsd
       http://www.springframework.org/schema/aop     http://www.springframework.org/schema/aop/spring-aop-3.1.xsd
       http://www.springframework.org/schema/tx      http://www.springframework.org/schema/tx/spring-tx-3.1.xsd
       http://www.springframework.org/schema/context http://www.springframework.org/schema/context/spring-context-3.1.xsd
       http://www.springframework.org/schema/task    http://www.springframework.org/schema/task/spring-task-3.0.xsd"
       default-autowire="byName">

	<description>Spring公共配置</description>
	
    <!-- 国际化的消息资源文件 -->
    <bean id="messageSource" class="org.springframework.context.support.ReloadableResourceBundleMessageSource">
        <property name="basenames">
            <list>
                <!-- 在web环境中一定要定位到classpath 否则默认到当前web应用下找  -->
                 <value>classpath:lang/resource</value>
            </list>
        </property>
        <property name="defaultEncoding" value="UTF-8"/>
        <property name="cacheSeconds" value="60"/>
    </bean>
    <bean id="messageSourceHelper" class="com.sxl.support.MessageSourceHelper">
       <property name="messageSource">
            <ref local="messageSource" />
       </property>
   </bean>
    
    <!--加载数据配置文件-->
	<bean id="systemProperties"  class="com.sxl.util.SystemProperties" init-method="init">
		<property name="locationFiles">
			<list><value>system.properties</value></list>
		</property>
	</bean>
	<bean name="springApplicationContextHolder" class="com.sxl.util.SpringApplicationContextHolder"></bean>
	<!-- 数据源配置 -->
	<bean id="dataSource" class="com.mchange.v2.c3p0.ComboPooledDataSource" destroy-method="close">
		<property name="driverClass"><value>${DATASOURCE_driverClass}</value></property>
		<property name="jdbcUrl"><value>${DATASOURCE_jdbcUrl}</value></property>
		<property name="user"><value>${DATASOURCE_user}</value></property>
		<property name="password"><value>${DATASOURCE_password}</value></property>
		<!-- c3p0配置 -->
		<property name="maxStatements"><value>${DATASOURCE_C3P0_maxStatements}</value></property>
		<property name="initialPoolSize"><value>${DATASOURCE_C3P0_initialPoolSize}</value></property>
		<property name="maxPoolSize"><value>${DATASOURCE_C3P0_maxPoolSize}</value></property>
		<property name="minPoolSize"><value>${DATASOURCE_C3P0_minPoolSize}</value></property>
		<property name="maxIdleTime"><value>${DATASOURCE_C3P0_maxIdleTime}</value></property>
		<property name="idleConnectionTestPeriod"><value>${DATASOURCE_C3P0_idleConnectionTestPeriod}</value></property>
		<property name="acquireRetryAttempts"><value>${DATASOURCE_C3P0_acquireRetryAttempts}</value></property>
		<property name="breakAfterAcquireFailure"><value>${DATASOURCE_C3P0_breakAfterAcquireFailure}</value></property>
		<property name="testConnectionOnCheckin"><value>${DATASOURCE_C3P0_testConnectionOnCheckin}</value></property>
	</bean>
	
	<bean id="jdbcTemplate" class="org.springframework.jdbc.core.JdbcTemplate">
		<property name="dataSource">
			<ref local="dataSource" />
		</property>
	</bean>
	
	
	<!-- jdbc事务管理器 -->  
    <bean id="transactionManager"  
        class="org.springframework.jdbc.datasource.DataSourceTransactionManager">  
        <property name="dataSource">  
            <ref local="dataSource" />  
        </property>  
    </bean>  
    <!--事务模板 -->  
    <bean id="transactionTemplate"  
        class="org.springframework.transaction.support.TransactionTemplate">  
        <property name="transactionManager">  
            <ref local="transactionManager" />  
        </property>  
        <!--ISOLATION_DEFAULT 表示由使用的数据库决定  -->  
        <property name="isolationLevelName" value="ISOLATION_DEFAULT"/>  
        <property name="propagationBehaviorName" value="PROPAGATION_REQUIRED"/>  
        <!-- <property name="timeout" value="30"/> -->  
    </bean>  
    
    
    <!-- db操作类 -->
    <bean id="db"  
        class="com.sxl.util.DBHelper">  
        <property name="jdbcTemplate">  
            <ref local="jdbcTemplate" />  
        </property>
        <property name="transactionTemplate">  
            <ref local="transactionTemplate" />  
        </property>
    </bean>  
</beans>