<?xml version="1.0" encoding="UTF-8" ?>

<log4j:configuration xmlns:log4j="http://jakarta.apache.org/log4j/">

	<appender name="CONSOLE" class="org.apache.log4j.ConsoleAppender">
		<layout class="org.apache.log4j.PatternLayout">
			<param name="ConversionPattern"
                value="%d{yyyy-MM-dd HH:mm:ss} [%t] %-5p %c - %m%n"/>
		</layout>
	</appender>

	<appender name="ROLLINGFILE"
		class="org.apache.log4j.RollingFileAppender">
		<param name="File" value="${catalina.home}/logs/monitor.log" />
		<param name="Append" value="true" />
		<param name="MaxFileSize" value="96KB" />
		<param name="MaxBackupIndex" value="10" />
		<layout class="org.apache.log4j.PatternLayout">
			<param name="ConversionPattern"
				value="%p [%t] %c{1}.%M(%L) | %m%n" />
		</layout>
		<filter class="org.apache.log4j.varia.LevelRangeFilter">
			<param name="levelMin" value="DEBUG" />
			<param name="levelMax" value="ERROR" />
			<param name="AcceptOnMatch" value="true" />
		</filter>
	</appender>

	<logger name="net.sf.ehcache">
        <level value="ERROR"/>
    </logger>

    <logger name="org.apache">
        <level value="WARN"/>
    </logger>

	<logger name="org.hibernate">
		<level value="WARN" />
	</logger>

	<logger name="org.springframework">
		<level value="INFO" />
	</logger>

	<root>
		<level value="INFO" />
		<appender-ref ref="CONSOLE" />
		<appender-ref ref="ROLLINGFILE" />
	</root>

</log4j:configuration>
