<?xml version="1.0" encoding="UTF-8"?>
<beans xmlns="http://www.springframework.org/schema/beans"
	   xmlns:xsi="http://www.w3.org/2001/XMLSchema-instance"
	   xmlns:context="http://www.springframework.org/schema/context"
	   xmlns:mvc="http://www.springframework.org/schema/mvc"
	   xsi:schemaLocation="
	   http://www.springframework.org/schema/mvc     http://www.springframework.org/schema/mvc/spring-mvc-3.1.xsd
	   http://www.springframework.org/schema/beans   http://www.springframework.org/schema/beans/spring-beans-3.1.xsd
	   http://www.springframework.org/schema/context http://www.springframework.org/schema/context/spring-context-3.1.xsd">

	<mvc:resources mapping="/resource/**" location="/resource/"/>
	
	<!-- 配置一下对json数据的转换-->
	<bean class="org.springframework.web.servlet.mvc.annotation.AnnotationMethodHandlerAdapter">
	    <property name="cacheSeconds" value="0" />
	    <property name="webBindingInitializer">  
            <bean class="com.sxl.util.DateConverter" />  
        </property>  
	    <!-- 配置一下对json数据的转换 -->
	    <property name="messageConverters">
	    	<list>
	    		<bean class="org.springframework.http.converter.StringHttpMessageConverter">
	    			 <property name="supportedMediaTypes">
	    			 	<list>  
                            <value>text/html;charset=UTF-8</value>  
                        </list>    
	    			 </property>
	    		</bean>
	    	</list>
	    </property>
	</bean>
	
	<!-- 自动扫描且只扫描@Controller <context:include-filter type="regex" expression=".admin.*"/>-->
	<context:component-scan base-package="com.sxl.controller*.**" use-default-filters="false">
		<context:include-filter type="annotation" expression="org.springframework.stereotype.Controller"/>
	</context:component-scan>
	
	<!-- 定义JSP文件的位置 -->  
	<bean class="org.springframework.web.servlet.view.InternalResourceViewResolver">
		<property name="prefix" value="/WEB-INF/jsp/"/>
		<property name="suffix" value=".jsp"/>
	</bean>
	<!-- 添加拦截器，类级别的处理器映射 -->
	<bean id="annotationHandlerMapping" class="org.springframework.web.servlet.mvc.annotation.DefaultAnnotationHandlerMapping">
		<property name="order" value="0"/>  
        <property name="interceptors">
            <list>
                <bean class="com.sxl.interceptor.ProtalSessionHandlerInterceptor"/>
            </list>
        </property>
	</bean>
     
    <bean id="multipartResolver" class="org.springframework.web.multipart.commons.CommonsMultipartResolver">  
	 	<property name="defaultEncoding" value="utf-8"/>  
	 </bean>
     

	<mvc:annotation-driven></mvc:annotation-driven>
	
</beans>
